<?xml version="1.0" encoding="UTF-8"?>
<!DOCTYPE suite SYSTEM "https://testng.org/testng-1.0.dtd">
<suite name="Suite">
  <test thread-count="5" name="Test">
    <classes>
      <class name="com.qa.zerobank.testcases.HomePageTestCases"/>
      <class name="com.qa.zerobank.testcases.LogInPageTestCase"/>
      <class name="com.qa.zerobank.testcases.TransferFundTestCase"/>
      <class name="com.qa.zerobank.testcases.PayBillTestCases"/>
    </classes>
  </test> <!-- Test -->
</suite> <!-- Suite -->
